OrderId,PaymentCode,PaymentInformation,IsActive,PaymentAmount,BaseCurrencyCode,ForeignExchangeRate,ForeignExchangeCurrencyCode,AmountPaidFromAmazonAccount
D01-2912752-9453050,Credit Card,Not Available,true,Not Applicable,Not Applicable,Not Applicable,Not Applicable,Not Applicable
D01-2912752-9453050,Credit Card,Not Available,true,Not Applicable,Not Applicable,Not Applicable,Not Applicable,Not Applicable
D01-2912752-9453050,Credit Card,Not Available,true,Not Applicable,Not Applicable,Not Applicable,Not Applicable,Not Applicable
D01-2912752-9453050,Credit Card,Not Available,true,Not Applicable,Not Applicable,Not Applicable,Not Applicable,Not Applicable
D01-2912752-9453050,Credit Card,Not Available,true,Not Applicable,Not Applicable,Not Applicable,Not Applicable,Not Applicable
D01-2912752-9453050,Credit Card,Not Available,true,Not Applicable,Not Applicable,Not Applicable,Not Applicable,Not Applicable
D01-5264166-7299409,Credit Card,Not Available,true,Not Applicable,Not Applicable,Not Applicable,Not Applicable,Not Applicable
D01-3716770-6813059,Credit Card,Not Available,true,Not Applicable,Not Applicable,Not Applicable,Not Applicable,Not Applicable
D01-3716770-6813059,Credit Card,Not Available,true,Not Applicable,Not Applicable,Not Applicable,Not Applicable,Not Applicable
D01-3716770-6813059,Credit Card,Not Available,true,Not Applicable,Not Applicable,Not Applicable,Not Applicable,Not Applicable
D01-3716770-6813059,Credit Card,Not Available,true,Not Applicable,Not Applicable,Not Applicable,Not Applicable,Not Applicable
D01-3716770-6813059,Credit Card,Not Available,true,Not Applicable,Not Applicable,Not Applicable,Not Applicable,Not Applicable
D01-6755145-7894621,Credit Card,Not Available,true,Not Applicable,Not Applicable,Not Applicable,Not Applicable,Not Applicable
D01-3408897-2160239,Credit Card,Not Available,true,Not Applicable,Not Applicable,Not Applicable,Not Applicable,Not Applicable
D01-3408897-2160239,Credit Card,Not Available,true,Not Applicable,Not Applicable,Not Applicable,Not Applicable,Not Applicable
D01-3408897-2160239,Credit Card,Not Available,true,Not Applicable,Not Applicable,Not Applicable,Not Applicable,Not Applicable
D01-3408897-2160239,Credit Card,Not Available,true,Not Applicable,Not Applicable,Not Applicable,Not Applicable,Not Applicable
D01-3408897-2160239,Credit Card,Not Available,true,Not Applicable,Not Applicable,Not Applicable,Not Applicable,Not Applicable
D01-8371170-6931438,Credit Card,Not Available,true,Not Applicable,Not Applicable,Not Applicable,Not Applicable,Not Applicable
D01-8371170-6931438,Credit Card,Not Available,true,Not Applicable,Not Applicable,Not Applicable,Not Applicable,Not Applicable
D01-8371170-6931438,Credit Card,Not Available,true,Not Applicable,Not Applicable,Not Applicable,Not Applicable,Not Applicable
D01-8371170-6931438,Credit Card,Not Available,true,Not Applicable,Not Applicable,Not Applicable,Not Applicable,Not Applicable
D01-8371170-6931438,Credit Card,Not Available,true,Not Applicable,Not Applicable,Not Applicable,Not Applicable,Not Applicable
D01-0780696-5670666,Credit Card,Not Available,true,Not Applicable,Not Applicable,Not Applicable,Not Applicable,Not Applicable
D01-0780696-5670666,Credit Card,Not Available,true,Not Applicable,Not Applicable,Not Applicable,Not Applicable,Not Applicable
D01-0780696-5670666,Credit Card,Not Available,true,Not Applicable,Not Applicable,Not Applicable,Not Applicable,Not Applicable
D01-0780696-5670666,Credit Card,Not Available,true,Not Applicable,Not Applicable,Not Applicable,Not Applicable,Not Applicable
D01-0780696-5670666,Credit Card,Not Available,true,Not Applicable,Not Applicable,Not Applicable,Not Applicable,Not Applicable
D01-0780696-5670666,Credit Card,Not Available,true,Not Applicable,Not Applicable,Not Applicable,Not Applicable,Not Applicable
D01-0780696-5670666,Credit Card,Not Available,true,Not Applicable,Not Applicable,Not Applicable,Not Applicable,Not Applicable
D01-0780696-5670666,Credit Card,Not Available,true,Not Applicable,Not Applicable,Not Applicable,Not Applicable,Not Applicable
D01-4470599-7565000,Credit Card,Not Available,true,Not Applicable,Not Applicable,Not Applicable,Not Applicable,Not Applicable
D01-4470599-7565000,Credit Card,Not Available,true,Not Applicable,Not Applicable,Not Applicable,Not Applicable,Not Applicable
D01-4470599-7565000,Credit Card,Not Available,true,Not Applicable,Not Applicable,Not Applicable,Not Applicable,Not Applicable
D01-4470599-7565000,Credit Card,Not Available,true,Not Applicable,Not Applicable,Not Applicable,Not Applicable,Not Applicable
D01-4470599-7565000,Credit Card,Not Available,true,Not Applicable,Not Applicable,Not Applicable,Not Applicable,Not Applicable
D01-4470599-7565000,Credit Card,Not Available,true,Not Applicable,Not Applicable,Not Applicable,Not Applicable,Not Applicable
D01-4470599-7565000,Credit Card,Not Available,true,Not Applicable,Not Applicable,Not Applicable,Not Applicable,Not Applicable
D01-4470599-7565000,Credit Card,Not Available,true,Not Applicable,Not Applicable,Not Applicable,Not Applicable,Not Applicable
D01-9593765-1558615,Credit Card,Not Available,true,Not Applicable,Not Applicable,Not Applicable,Not Applicable,Not Applicable
D01-5562708-3334618,Credit Card,Not Available,true,Not Applicable,Not Applicable,Not Applicable,Not Applicable,Not Applicable
D01-5562708-3334618,Credit Card,Not Available,true,Not Applicable,Not Applicable,Not Applicable,Not Applicable,Not Applicable
D01-5562708-3334618,Credit Card,Not Available,true,Not Applicable,Not Applicable,Not Applicable,Not Applicable,Not Applicable
D01-5562708-3334618,Credit Card,Not Available,true,Not Applicable,Not Applicable,Not Applicable,Not Applicable,Not Applicable
D01-5562708-3334618,Credit Card,Not Available,true,Not Applicable,Not Applicable,Not Applicable,Not Applicable,Not Applicable
D01-5562708-3334618,Credit Card,Not Available,true,Not Applicable,Not Applicable,Not Applicable,Not Applicable,Not Applicable
D01-5562708-3334618,Credit Card,Not Available,true,Not Applicable,Not Applicable,Not Applicable,Not Applicable,Not Applicable
D01-5562708-3334618,Credit Card,Not Available,true,Not Applicable,Not Applicable,Not Applicable,Not Applicable,Not Applicable
D01-1077010-3827462,Credit Card,Not Available,true,Not Applicable,Not Applicable,Not Applicable,Not Applicable,Not Applicable
D01-9046407-3155452,Credit Card,Not Available,true,Not Applicable,Not Applicable,Not Applicable,Not Applicable,Not Applicable
D01-9046407-3155452,Gift Card,Not Applicable,true,Not Applicable,Not Applicable,Not Applicable,Not Applicable,Not Applicable
D01-3853451-2909033,Credit Card,Not Available,true,Not Applicable,Not Applicable,Not Applicable,Not Applicable,Not Applicable
D01-3853451-2909033,Credit Card,Not Available,true,Not Applicable,Not Applicable,Not Applicable,Not Applicable,Not Applicable
D01-3853451-2909033,Credit Card,Not Available,true,Not Applicable,Not Applicable,Not Applicable,Not Applicable,Not Applicable
D01-3853451-2909033,Credit Card,Not Available,true,Not Applicable,Not Applicable,Not Applicable,Not Applicable,Not Applicable
D01-3853451-2909033,Credit Card,Not Available,true,Not Applicable,Not Applicable,Not Applicable,Not Applicable,Not Applicable
D01-3853451-2909033,Credit Card,Not Available,true,Not Applicable,Not Applicable,Not Applicable,Not Applicable,Not Applicable
D01-3853451-2909033,Credit Card,Not Available,true,Not Applicable,Not Applicable,Not Applicable,Not Applicable,Not Applicable
D01-3853451-2909033,Credit Card,Not Available,true,Not Applicable,Not Applicable,Not Applicable,Not Applicable,Not Applicable
D01-0004322-1005024,Credit Card,Not Available,true,Not Applicable,Not Applicable,Not Applicable,Not Applicable,Not Applicable
D01-0004322-1005024,Credit Card,Not Available,true,Not Applicable,Not Applicable,Not Applicable,Not Applicable,Not Applicable
D01-0004322-1005024,Credit Card,Not Available,true,Not Applicable,Not Applicable,Not Applicable,Not Applicable,Not Applicable
D01-0004322-1005024,Credit Card,Not Available,true,Not Applicable,Not Applicable,Not Applicable,Not Applicable,Not Applicable
D01-0004322-1005024,Credit Card,Not Available,true,Not Applicable,Not Applicable,Not Applicable,Not Applicable,Not Applicable
D01-0004322-1005024,Credit Card,Not Available,true,Not Applicable,Not Applicable,Not Applicable,Not Applicable,Not Applicable
D01-0004322-1005024,Credit Card,Not Available,true,Not Applicable,Not Applicable,Not Applicable,Not Applicable,Not Applicable
D01-0004322-1005024,Credit Card,Not Available,true,Not Applicable,Not Applicable,Not Applicable,Not Applicable,Not Applicable
D01-8283882-3782608,Credit Card,Not Available,true,Not Applicable,Not Applicable,Not Applicable,Not Applicable,Not Applicable
D01-8283882-3782608,Credit Card,Not Available,true,Not Applicable,Not Applicable,Not Applicable,Not Applicable,Not Applicable
D01-8283882-3782608,Credit Card,Not Available,true,Not Applicable,Not Applicable,Not Applicable,Not Applicable,Not Applicable
D01-8283882-3782608,Credit Card,Not Available,true,Not Applicable,Not Applicable,Not Applicable,Not Applicable,Not Applicable
D01-8283882-3782608,Credit Card,Not Available,true,Not Applicable,Not Applicable,Not Applicable,Not Applicable,Not Applicable
D01-8283882-3782608,Credit Card,Not Available,true,Not Applicable,Not Applicable,Not Applicable,Not Applicable,Not Applicable
D01-8283882-3782608,Credit Card,Not Available,true,Not Applicable,Not Applicable,Not Applicable,Not Applicable,Not Applicable
D01-8283882-3782608,Credit Card,Not Available,true,Not Applicable,Not Applicable,Not Applicable,Not Applicable,Not Applicable
D01-8632468-9126636,Credit Card,Not Available,true,Not Applicable,Not Applicable,Not Applicable,Not Applicable,Not Applicable
D01-8632468-9126636,Credit Card,Not Available,true,Not Applicable,Not Applicable,Not Applicable,Not Applicable,Not Applicable
D01-8632468-9126636,Credit Card,Not Available,true,Not Applicable,Not Applicable,Not Applicable,Not Applicable,Not Applicable
D01-8632468-9126636,Credit Card,Not Available,true,Not Applicable,Not Applicable,Not Applicable,Not Applicable,Not Applicable
D01-8632468-9126636,Credit Card,Not Available,true,Not Applicable,Not Applicable,Not Applicable,Not Applicable,Not Applicable
D01-8632468-9126636,Credit Card,Not Available,true,Not Applicable,Not Applicable,Not Applicable,Not Applicable,Not Applicable
D01-9649430-5965046,Credit Card,Not Available,true,Not Applicable,Not Applicable,Not Applicable,Not Applicable,Not Applicable
D01-0702193-9715424,Credit Card,Not Available,true,Not Applicable,Not Applicable,Not Applicable,Not Applicable,Not Applicable
D01-0702193-9715424,Gift Card,Not Applicable,true,Not Applicable,Not Applicable,Not Applicable,Not Applicable,Not Applicable
D01-8105104-3053058,Credit Card,Not Available,true,Not Applicable,Not Applicable,Not Applicable,Not Applicable,Not Applicable
D01-2743395-9321837,Credit Card,Not Available,true,Not Applicable,Not Applicable,Not Applicable,Not Applicable,Not Applicable
D01-3299211-5254642,Credit Card,Not Available,true,Not Applicable,Not Applicable,Not Applicable,Not Applicable,Not Applicable
D01-9171341-6662616,Credit Card,Not Available,true,Not Applicable,Not Applicable,Not Applicable,Not Applicable,Not Applicable
D01-5966013-3984207,Credit Card,Not Available,true,Not Applicable,Not Applicable,Not Applicable,Not Applicable,Not Applicable
D01-5966013-3984207,Credit Card,Not Available,true,Not Applicable,Not Applicable,Not Applicable,Not Applicable,Not Applicable
D01-5966013-3984207,Credit Card,Not Available,true,Not Applicable,Not Applicable,Not Applicable,Not Applicable,Not Applicable
D01-5966013-3984207,Credit Card,Not Available,true,Not Applicable,Not Applicable,Not Applicable,Not Applicable,Not Applicable
D01-5966013-3984207,Credit Card,Not Available,true,Not Applicable,Not Applicable,Not Applicable,Not Applicable,Not Applicable
D01-5966013-3984207,Credit Card,Not Available,true,Not Applicable,Not Applicable,Not Applicable,Not Applicable,Not Applicable
D01-5966013-3984207,Credit Card,Not Available,true,Not Applicable,Not Applicable,Not Applicable,Not Applicable,Not Applicable
D01-5966013-3984207,Credit Card,Not Available,true,Not Applicable,Not Applicable,Not Applicable,Not Applicable,Not Applicable
D01-7573785-5913860,Credit Card,Not Available,true,Not Applicable,Not Applicable,Not Applicable,Not Applicable,Not Applicable
D01-7573785-5913860,Credit Card,Not Available,true,Not Applicable,Not Applicable,Not Applicable,Not Applicable,Not Applicable
D01-7573785-5913860,Credit Card,Not Available,true,Not Applicable,Not Applicable,Not Applicable,Not Applicable,Not Applicable
D01-7573785-5913860,Credit Card,Not Available,true,Not Applicable,Not Applicable,Not Applicable,Not Applicable,Not Applicable
D01-7573785-5913860,Credit Card,Not Available,true,Not Applicable,Not Applicable,Not Applicable,Not Applicable,Not Applicable
D01-7573785-5913860,Credit Card,Not Available,true,Not Applicable,Not Applicable,Not Applicable,Not Applicable,Not Applicable
D01-7573785-5913860,Credit Card,Not Available,true,Not Applicable,Not Applicable,Not Applicable,Not Applicable,Not Applicable
D01-7573785-5913860,Credit Card,Not Available,true,Not Applicable,Not Applicable,Not Applicable,Not Applicable,Not Applicable
D01-2198941-6192225,Credit Card,Not Available,true,Not Applicable,Not Applicable,Not Applicable,Not Applicable,Not Applicable
D01-2198941-6192225,Credit Card,Not Available,true,Not Applicable,Not Applicable,Not Applicable,Not Applicable,Not Applicable
D01-2198941-6192225,Credit Card,Not Available,true,Not Applicable,Not Applicable,Not Applicable,Not Applicable,Not Applicable
D01-2198941-6192225,Credit Card,Not Available,true,Not Applicable,Not Applicable,Not Applicable,Not Applicable,Not Applicable
D01-2198941-6192225,Credit Card,Not Available,true,Not Applicable,Not Applicable,Not Applicable,Not Applicable,Not Applicable
D01-2198941-6192225,Credit Card,Not Available,true,Not Applicable,Not Applicable,Not Applicable,Not Applicable,Not Applicable
D01-2198941-6192225,Credit Card,Not Available,true,Not Applicable,Not Applicable,Not Applicable,Not Applicable,Not Applicable
D01-2198941-6192225,Credit Card,Not Available,true,Not Applicable,Not Applicable,Not Applicable,Not Applicable,Not Applicable
D01-6083648-2006623,Credit Card,Not Available,true,Not Applicable,Not Applicable,Not Applicable,Not Applicable,Not Applicable
D01-6083648-2006623,Gift Card,Not Applicable,true,Not Applicable,Not Applicable,Not Applicable,Not Applicable,Not Applicable
D01-9526094-6096221,Credit Card,Not Available,true,Not Applicable,Not Applicable,Not Applicable,Not Applicable,Not Applicable
D01-9635053-1414646,Credit Card,Not Available,true,Not Applicable,Not Applicable,Not Applicable,Not Applicable,Not Applicable
D01-7072494-4445015,Credit Card,Not Available,true,Not Applicable,Not Applicable,Not Applicable,Not Applicable,Not Applicable
D01-7072494-4445015,Credit Card,Not Available,true,Not Applicable,Not Applicable,Not Applicable,Not Applicable,Not Applicable
D01-7072494-4445015,Credit Card,Not Available,true,Not Applicable,Not Applicable,Not Applicable,Not Applicable,Not Applicable
D01-7072494-4445015,Credit Card,Not Available,true,Not Applicable,Not Applicable,Not Applicable,Not Applicable,Not Applicable
D01-7072494-4445015,Credit Card,Not Available,true,Not Applicable,Not Applicable,Not Applicable,Not Applicable,Not Applicable
D01-7072494-4445015,Credit Card,Not Available,true,Not Applicable,Not Applicable,Not Applicable,Not Applicable,Not Applicable
D01-7072494-4445015,Credit Card,Not Available,true,Not Applicable,Not Applicable,Not Applicable,Not Applicable,Not Applicable
D01-7072494-4445015,Credit Card,Not Available,true,Not Applicable,Not Applicable,Not Applicable,Not Applicable,Not Applicable
D01-7006983-5433852,Credit Card,Not Available,true,Not Applicable,Not Applicable,Not Applicable,Not Applicable,Not Applicable
D01-7006983-5433852,Credit Card,Not Available,true,Not Applicable,Not Applicable,Not Applicable,Not Applicable,Not Applicable
D01-7006983-5433852,Credit Card,Not Available,true,Not Applicable,Not Applicable,Not Applicable,Not Applicable,Not Applicable
D01-7006983-5433852,Credit Card,Not Available,true,Not Applicable,Not Applicable,Not Applicable,Not Applicable,Not Applicable
D01-7006983-5433852,Credit Card,Not Available,true,Not Applicable,Not Applicable,Not Applicable,Not Applicable,Not Applicable
D01-7006983-5433852,Credit Card,Not Available,true,Not Applicable,Not Applicable,Not Applicable,Not Applicable,Not Applicable
D01-7006983-5433852,Credit Card,Not Available,true,Not Applicable,Not Applicable,Not Applicable,Not Applicable,Not Applicable
D01-7006983-5433852,Credit Card,Not Available,true,Not Applicable,Not Applicable,Not Applicable,Not Applicable,Not Applicable
D01-3529985-7193820,Credit Card,Not Available,true,Not Applicable,Not Applicable,Not Applicable,Not Applicable,Not Applicable
D01-3529985-7193820,Credit Card,Not Available,true,Not Applicable,Not Applicable,Not Applicable,Not Applicable,Not Applicable
D01-3529985-7193820,Credit Card,Not Available,true,Not Applicable,Not Applicable,Not Applicable,Not Applicable,Not Applicable
D01-3529985-7193820,Credit Card,Not Available,true,Not Applicable,Not Applicable,Not Applicable,Not Applicable,Not Applicable
D01-3529985-7193820,Credit Card,Not Available,true,Not Applicable,Not Applicable,Not Applicable,Not Applicable,Not Applicable
D01-3529985-7193820,Credit Card,Not Available,true,Not Applicable,Not Applicable,Not Applicable,Not Applicable,Not Applicable
D01-3529985-7193820,Credit Card,Not Available,true,Not Applicable,Not Applicable,Not Applicable,Not Applicable,Not Applicable
D01-5398590-2102659,Credit Card,Not Available,true,Not Applicable,Not Applicable,Not Applicable,Not Applicable,Not Applicable
D01-5398590-2102659,Credit Card,Not Available,true,Not Applicable,Not Applicable,Not Applicable,Not Applicable,Not Applicable
D01-5398590-2102659,Credit Card,Not Available,true,Not Applicable,Not Applicable,Not Applicable,Not Applicable,Not Applicable
D01-5398590-2102659,Credit Card,Not Available,true,Not Applicable,Not Applicable,Not Applicable,Not Applicable,Not Applicable
D01-5398590-2102659,Credit Card,Not Available,true,Not Applicable,Not Applicable,Not Applicable,Not Applicable,Not Applicable
D01-5398590-2102659,Credit Card,Not Available,true,Not Applicable,Not Applicable,Not Applicable,Not Applicable,Not Applicable
D01-5398590-2102659,Credit Card,Not Available,true,Not Applicable,Not Applicable,Not Applicable,Not Applicable,Not Applicable
D01-8328529-9078607,Credit Card,Not Available,true,Not Applicable,Not Applicable,Not Applicable,Not Applicable,Not Applicable
D01-8328529-9078607,Credit Card,Not Available,true,Not Applicable,Not Applicable,Not Applicable,Not Applicable,Not Applicable
D01-8328529-9078607,Credit Card,Not Available,true,Not Applicable,Not Applicable,Not Applicable,Not Applicable,Not Applicable
D01-8328529-9078607,Credit Card,Not Available,true,Not Applicable,Not Applicable,Not Applicable,Not Applicable,Not Applicable
D01-8328529-9078607,Credit Card,Not Available,true,Not Applicable,Not Applicable,Not Applicable,Not Applicable,Not Applicable
D01-8328529-9078607,Credit Card,Not Available,true,Not Applicable,Not Applicable,Not Applicable,Not Applicable,Not Applicable
D01-8328529-9078607,Credit Card,Not Available,true,Not Applicable,Not Applicable,Not Applicable,Not Applicable,Not Applicable
D01-8582307-3139463,Credit Card,Not Available,true,Not Applicable,Not Applicable,Not Applicable,Not Applicable,Not Applicable
D01-8582307-3139463,Credit Card,Not Available,true,Not Applicable,Not Applicable,Not Applicable,Not Applicable,Not Applicable
D01-8582307-3139463,Credit Card,Not Available,true,Not Applicable,Not Applicable,Not Applicable,Not Applicable,Not Applicable
D01-8582307-3139463,Credit Card,Not Available,true,Not Applicable,Not Applicable,Not Applicable,Not Applicable,Not Applicable
D01-8582307-3139463,Credit Card,Not Available,true,Not Applicable,Not Applicable,Not Applicable,Not Applicable,Not Applicable
D01-8582307-3139463,Credit Card,Not Available,true,Not Applicable,Not Applicable,Not Applicable,Not Applicable,Not Applicable
D01-8582307-3139463,Credit Card,Not Available,true,Not Applicable,Not Applicable,Not Applicable,Not Applicable,Not Applicable
D01-9876846-1539411,Credit Card,Not Available,true,Not Applicable,Not Applicable,Not Applicable,Not Applicable,Not Applicable
D01-9876846-1539411,Credit Card,Not Available,true,Not Applicable,Not Applicable,Not Applicable,Not Applicable,Not Applicable
D01-9876846-1539411,Credit Card,Not Available,true,Not Applicable,Not Applicable,Not Applicable,Not Applicable,Not Applicable
D01-9876846-1539411,Credit Card,Not Available,true,Not Applicable,Not Applicable,Not Applicable,Not Applicable,Not Applicable
D01-9876846-1539411,Credit Card,Not Available,true,Not Applicable,Not Applicable,Not Applicable,Not Applicable,Not Applicable
D01-9876846-1539411,Credit Card,Not Available,true,Not Applicable,Not Applicable,Not Applicable,Not Applicable,Not Applicable
D01-9876846-1539411,Credit Card,Not Available,true,Not Applicable,Not Applicable,Not Applicable,Not Applicable,Not Applicable
D01-5051587-0761836,Credit Card,Not Available,true,Not Applicable,Not Applicable,Not Applicable,Not Applicable,Not Applicable
D01-5051587-0761836,Credit Card,Not Available,true,Not Applicable,Not Applicable,Not Applicable,Not Applicable,Not Applicable
D01-5051587-0761836,Credit Card,Not Available,true,Not Applicable,Not Applicable,Not Applicable,Not Applicable,Not Applicable
D01-5051587-0761836,Credit Card,Not Available,true,Not Applicable,Not Applicable,Not Applicable,Not Applicable,Not Applicable
D01-5051587-0761836,Credit Card,Not Available,true,Not Applicable,Not Applicable,Not Applicable,Not Applicable,Not Applicable
D01-5051587-0761836,Credit Card,Not Available,true,Not Applicable,Not Applicable,Not Applicable,Not Applicable,Not Applicable
D01-5051587-0761836,Credit Card,Not Available,true,Not Applicable,Not Applicable,Not Applicable,Not Applicable,Not Applicable
D01-3902027-4861029,Credit Card,Not Available,true,Not Applicable,Not Applicable,Not Applicable,Not Applicable,Not Applicable
D01-3902027-4861029,Credit Card,Not Available,true,Not Applicable,Not Applicable,Not Applicable,Not Applicable,Not Applicable
D01-3902027-4861029,Credit Card,Not Available,true,Not Applicable,Not Applicable,Not Applicable,Not Applicable,Not Applicable
D01-3902027-4861029,Credit Card,Not Available,true,Not Applicable,Not Applicable,Not Applicable,Not Applicable,Not Applicable
D01-3902027-4861029,Credit Card,Not Available,true,Not Applicable,Not Applicable,Not Applicable,Not Applicable,Not Applicable
D01-3902027-4861029,Credit Card,Not Available,true,Not Applicable,Not Applicable,Not Applicable,Not Applicable,Not Applicable
D01-3902027-4861029,Credit Card,Not Available,true,Not Applicable,Not Applicable,Not Applicable,Not Applicable,Not Applicable
D01-8558799-2240210,Credit Card,Not Available,true,Not Applicable,Not Applicable,Not Applicable,Not Applicable,Not Applicable
D01-1808494-5510634,Credit Card,Not Available,true,Not Applicable,Not Applicable,Not Applicable,Not Applicable,Not Applicable
D01-1808494-5510634,Credit Card,Not Available,true,Not Applicable,Not Applicable,Not Applicable,Not Applicable,Not Applicable
D01-1808494-5510634,Credit Card,Not Available,true,Not Applicable,Not Applicable,Not Applicable,Not Applicable,Not Applicable
D01-1808494-5510634,Credit Card,Not Available,true,Not Applicable,Not Applicable,Not Applicable,Not Applicable,Not Applicable
D01-1808494-5510634,Credit Card,Not Available,true,Not Applicable,Not Applicable,Not Applicable,Not Applicable,Not Applicable
D01-1808494-5510634,Credit Card,Not Available,true,Not Applicable,Not Applicable,Not Applicable,Not Applicable,Not Applicable
D01-1808494-5510634,Credit Card,Not Available,true,Not Applicable,Not Applicable,Not Applicable,Not Applicable,Not Applicable
D01-5831918-1283401,Credit Card,Not Available,true,Not Applicable,Not Applicable,Not Applicable,Not Applicable,Not Applicable
D01-8731741-9808263,Credit Card,Not Available,true,Not Applicable,Not Applicable,Not Applicable,Not Applicable,Not Applicable
D01-8731741-9808263,Credit Card,Not Available,true,Not Applicable,Not Applicable,Not Applicable,Not Applicable,Not Applicable
D01-8731741-9808263,Credit Card,Not Available,true,Not Applicable,Not Applicable,Not Applicable,Not Applicable,Not Applicable
D01-8731741-9808263,Credit Card,Not Available,true,Not Applicable,Not Applicable,Not Applicable,Not Applicable,Not Applicable
D01-8731741-9808263,Credit Card,Not Available,true,Not Applicable,Not Applicable,Not Applicable,Not Applicable,Not Applicable
D01-8731741-9808263,Credit Card,Not Available,true,Not Applicable,Not Applicable,Not Applicable,Not Applicable,Not Applicable
D01-8731741-9808263,Credit Card,Not Available,true,Not Applicable,Not Applicable,Not Applicable,Not Applicable,Not Applicable
D01-8129095-2345823,Credit Card,Not Available,true,Not Applicable,Not Applicable,Not Applicable,Not Applicable,Not Applicable
D01-8129095-2345823,Credit Card,Not Available,true,Not Applicable,Not Applicable,Not Applicable,Not Applicable,Not Applicable
D01-8129095-2345823,Credit Card,Not Available,true,Not Applicable,Not Applicable,Not Applicable,Not Applicable,Not Applicable
D01-8129095-2345823,Credit Card,Not Available,true,Not Applicable,Not Applicable,Not Applicable,Not Applicable,Not Applicable
D01-8129095-2345823,Credit Card,Not Available,true,Not Applicable,Not Applicable,Not Applicable,Not Applicable,Not Applicable
D01-8129095-2345823,Credit Card,Not Available,true,Not Applicable,Not Applicable,Not Applicable,Not Applicable,Not Applicable
D01-8129095-2345823,Credit Card,Not Available,true,Not Applicable,Not Applicable,Not Applicable,Not Applicable,Not Applicable
D01-3036052-0051432,Credit Card,Not Available,true,Not Applicable,Not Applicable,Not Applicable,Not Applicable,Not Applicable
D01-3036052-0051432,Credit Card,Not Available,true,Not Applicable,Not Applicable,Not Applicable,Not Applicable,Not Applicable
D01-3036052-0051432,Credit Card,Not Available,true,Not Applicable,Not Applicable,Not Applicable,Not Applicable,Not Applicable
D01-3036052-0051432,Credit Card,Not Available,true,Not Applicable,Not Applicable,Not Applicable,Not Applicable,Not Applicable
D01-3036052-0051432,Credit Card,Not Available,true,Not Applicable,Not Applicable,Not Applicable,Not Applicable,Not Applicable
D01-3036052-0051432,Credit Card,Not Available,true,Not Applicable,Not Applicable,Not Applicable,Not Applicable,Not Applicable
D01-2705470-8246609,Credit Card,Not Available,true,Not Applicable,Not Applicable,Not Applicable,Not Applicable,Not Applicable
D01-2705470-8246609,Credit Card,Not Available,true,Not Applicable,Not Applicable,Not Applicable,Not Applicable,Not Applicable
D01-2705470-8246609,Credit Card,Not Available,true,Not Applicable,Not Applicable,Not Applicable,Not Applicable,Not Applicable
D01-2705470-8246609,Credit Card,Not Available,true,Not Applicable,Not Applicable,Not Applicable,Not Applicable,Not Applicable
D01-2705470-8246609,Credit Card,Not Available,true,Not Applicable,Not Applicable,Not Applicable,Not Applicable,Not Applicable
D01-2705470-8246609,Credit Card,Not Available,true,Not Applicable,Not Applicable,Not Applicable,Not Applicable,Not Applicable
D01-0625129-1245027,Credit Card,Not Available,true,Not Applicable,Not Applicable,Not Applicable,Not Applicable,Not Applicable
D01-0625129-1245027,Gift Card,Not Applicable,true,Not Applicable,Not Applicable,Not Applicable,Not Applicable,Not Applicable
D01-4157904-5222632,Credit Card,Not Available,true,Not Applicable,Not Applicable,Not Applicable,Not Applicable,Not Applicable
D01-9389157-9001837,Credit Card,Not Available,true,Not Applicable,Not Applicable,Not Applicable,Not Applicable,Not Applicable
D01-6570086-1011462,Credit Card,Not Available,true,Not Applicable,Not Applicable,Not Applicable,Not Applicable,Not Applicable
D01-4178627-2941059,Credit Card,Not Available,true,Not Applicable,Not Applicable,Not Applicable,Not Applicable,Not Applicable
D01-4178627-2941059,Credit Card,Not Available,true,Not Applicable,Not Applicable,Not Applicable,Not Applicable,Not Applicable
D01-7666319-0697862,Gift Card,Not Applicable,true,Not Applicable,Not Applicable,Not Applicable,Not Applicable,Not Applicable
D01-1097857-6067418,Credit Card,Not Available,true,Not Applicable,Not Applicable,Not Applicable,Not Applicable,Not Applicable
D01-3445713-3680212,Credit Card,Not Available,true,Not Applicable,Not Applicable,Not Applicable,Not Applicable,Not Applicable
D01-4595838-3189901,Credit Card,Not Available,true,Not Applicable,Not Applicable,Not Applicable,Not Applicable,Not Applicable
D01-4595838-3189901,Gift Card,Not Applicable,true,Not Applicable,Not Applicable,Not Applicable,Not Applicable,Not Applicable
D01-6111717-6498741,Credit Card,Not Available,true,Not Applicable,Not Applicable,Not Applicable,Not Applicable,Not Applicable
D01-6111717-6498741,Gift Card,Not Applicable,true,Not Applicable,Not Applicable,Not Applicable,Not Applicable,Not Applicable
D01-0453782-7439529,Credit Card,Not Available,true,Not Applicable,Not Applicable,Not Applicable,Not Applicable,Not Applicable
D01-0453782-7439529,Credit Card,Not Available,true,Not Applicable,Not Applicable,Not Applicable,Not Applicable,Not Applicable
D01-0453782-7439529,Gift Card,Not Applicable,true,Not Applicable,Not Applicable,Not Applicable,Not Applicable,Not Applicable
D01-4557106-4777119,Credit Card,Not Available,true,Not Applicable,Not Applicable,Not Applicable,Not Applicable,Not Applicable
D01-4557106-4777119,Gift Card,Not Applicable,true,Not Applicable,Not Applicable,Not Applicable,Not Applicable,Not Applicable
D01-4557106-4777119,Credit Card,Not Available,true,Not Applicable,Not Applicable,Not Applicable,Not Applicable,Not Applicable
D01-2535307-9861966,Credit Card,Not Available,true,Not Applicable,Not Applicable,Not Applicable,Not Applicable,Not Applicable
D01-2535307-9861966,Credit Card,Not Available,true,Not Applicable,Not Applicable,Not Applicable,Not Applicable,Not Applicable
D01-2535307-9861966,Gift Card,Not Applicable,true,Not Applicable,Not Applicable,Not Applicable,Not Applicable,Not Applicable
D01-1307487-1708306,Credit Card,Not Available,true,Not Applicable,Not Applicable,Not Applicable,Not Applicable,Not Applicable
D01-1307487-1708306,Credit Card,Not Available,true,Not Applicable,Not Applicable,Not Applicable,Not Applicable,Not Applicable
D01-1307487-1708306,Gift Card,Not Applicable,true,Not Applicable,Not Applicable,Not Applicable,Not Applicable,Not Applicable
D01-5744512-5996354,Credit Card,Not Available,true,Not Applicable,Not Applicable,Not Applicable,Not Applicable,Not Applicable
D01-5744512-5996354,Credit Card,Not Available,true,Not Applicable,Not Applicable,Not Applicable,Not Applicable,Not Applicable
D01-5744512-5996354,Gift Card,Not Applicable,true,Not Applicable,Not Applicable,Not Applicable,Not Applicable,Not Applicable
D01-0187508-9077925,Credit Card,Not Available,true,Not Applicable,Not Applicable,Not Applicable,Not Applicable,Not Applicable
D01-0187508-9077925,Credit Card,Not Available,true,Not Applicable,Not Applicable,Not Applicable,Not Applicable,Not Applicable
D01-0187508-9077925,Gift Card,Not Applicable,true,Not Applicable,Not Applicable,Not Applicable,Not Applicable,Not Applicable
D01-2680209-2300369,Credit Card,Not Available,true,Not Applicable,Not Applicable,Not Applicable,Not Applicable,Not Applicable
D01-2680209-2300369,Credit Card,Not Available,true,Not Applicable,Not Applicable,Not Applicable,Not Applicable,Not Applicable
D01-2680209-2300369,Gift Card,Not Applicable,true,Not Applicable,Not Applicable,Not Applicable,Not Applicable,Not Applicable
D01-1997620-4111525,Credit Card,Not Available,true,Not Applicable,Not Applicable,Not Applicable,Not Applicable,Not Applicable
D01-1997620-4111525,Gift Card,Not Applicable,true,Not Applicable,Not Applicable,Not Applicable,Not Applicable,Not Applicable
D01-1997620-4111525,Credit Card,Not Available,true,Not Applicable,Not Applicable,Not Applicable,Not Applicable,Not Applicable
D01-6341898-3609106,Credit Card,Not Available,true,Not Applicable,Not Applicable,Not Applicable,Not Applicable,Not Applicable
D01-6341898-3609106,Credit Card,Not Available,true,Not Applicable,Not Applicable,Not Applicable,Not Applicable,Not Applicable
D01-6341898-3609106,Gift Card,Not Applicable,true,Not Applicable,Not Applicable,Not Applicable,Not Applicable,Not Applicable
D01-1049848-2105116,Gift Card,Not Available,true,Not Applicable,Not Applicable,Not Applicable,Not Applicable,Not Applicable
D01-1049848-2105116,Gift Card,Not Applicable,true,Not Applicable,Not Applicable,Not Applicable,Not Applicable,Not Applicable
D01-5502380-2492351,Credit Card,Not Available,true,Not Applicable,Not Applicable,Not Applicable,Not Applicable,Not Applicable
D01-5502380-2492351,Credit Card,Not Available,true,Not Applicable,Not Applicable,Not Applicable,Not Applicable,Not Applicable
D01-5502380-2492351,Gift Card,Not Applicable,true,Not Applicable,Not Applicable,Not Applicable,Not Applicable,Not Applicable
D01-1602341-2124346,Credit Card,Not Available,true,Not Applicable,Not Applicable,Not Applicable,Not Applicable,Not Applicable
D01-1602341-2124346,Gift Card,Not Applicable,true,Not Applicable,Not Applicable,Not Applicable,Not Applicable,Not Applicable
D01-1602341-2124346,Credit Card,Not Available,true,Not Applicable,Not Applicable,Not Applicable,Not Applicable,Not Applicable
D01-6164002-2341926,Credit Card,Not Available,true,Not Applicable,Not Applicable,Not Applicable,Not Applicable,Not Applicable
D01-6164002-2341926,Gift Card,Not Applicable,true,Not Applicable,Not Applicable,Not Applicable,Not Applicable,Not Applicable
D01-6164002-2341926,Credit Card,Not Available,true,Not Applicable,Not Applicable,Not Applicable,Not Applicable,Not Applicable
D01-1155114-4508361,Credit Card,Not Available,true,Not Applicable,Not Applicable,Not Applicable,Not Applicable,Not Applicable
D01-1155114-4508361,Credit Card,Not Available,true,Not Applicable,Not Applicable,Not Applicable,Not Applicable,Not Applicable
D01-1155114-4508361,Gift Card,Not Applicable,true,Not Applicable,Not Applicable,Not Applicable,Not Applicable,Not Applicable
D01-9019031-3826722,Credit Card,Not Available,true,Not Applicable,Not Applicable,Not Applicable,Not Applicable,Not Applicable
D01-9019031-3826722,Gift Card,Not Applicable,true,Not Applicable,Not Applicable,Not Applicable,Not Applicable,Not Applicable
D01-9019031-3826722,Credit Card,Not Available,true,Not Applicable,Not Applicable,Not Applicable,Not Applicable,Not Applicable
D01-7877286-8885959,Credit Card,Not Available,true,Not Applicable,Not Applicable,Not Applicable,Not Applicable,Not Applicable
D01-7877286-8885959,Gift Card,Not Applicable,true,Not Applicable,Not Applicable,Not Applicable,Not Applicable,Not Applicable
D01-7877286-8885959,Credit Card,Not Available,true,Not Applicable,Not Applicable,Not Applicable,Not Applicable,Not Applicable
D01-7185623-4489103,Credit Card,Not Available,true,Not Applicable,Not Applicable,Not Applicable,Not Applicable,Not Applicable
D01-7185623-4489103,Gift Card,Not Applicable,true,Not Applicable,Not Applicable,Not Applicable,Not Applicable,Not Applicable
D01-7185623-4489103,Credit Card,Not Available,true,Not Applicable,Not Applicable,Not Applicable,Not Applicable,Not Applicable
D01-9193544-4450759,Credit Card,Not Available,true,Not Applicable,Not Applicable,Not Applicable,Not Applicable,Not Applicable
D01-9193544-4450759,Gift Card,Not Applicable,true,Not Applicable,Not Applicable,Not Applicable,Not Applicable,Not Applicable
D01-9193544-4450759,Credit Card,Not Available,true,Not Applicable,Not Applicable,Not Applicable,Not Applicable,Not Applicable
D01-6581541-3157947,Credit Card,Not Available,true,Not Applicable,Not Applicable,Not Applicable,Not Applicable,Not Applicable
D01-6581541-3157947,Gift Card,Not Applicable,true,Not Applicable,Not Applicable,Not Applicable,Not Applicable,Not Applicable
D01-6581541-3157947,Credit Card,Not Available,true,Not Applicable,Not Applicable,Not Applicable,Not Applicable,Not Applicable
D01-0222182-3801174,Credit Card,Not Available,true,Not Applicable,Not Applicable,Not Applicable,Not Applicable,Not Applicable
D01-0222182-3801174,Credit Card,Not Available,true,Not Applicable,Not Applicable,Not Applicable,Not Applicable,Not Applicable
D01-0222182-3801174,Gift Card,Not Applicable,true,Not Applicable,Not Applicable,Not Applicable,Not Applicable,Not Applicable
D01-7595796-2278642,Not Applicable,Not Applicable,true,Not Applicable,Not Applicable,Not Applicable,Not Applicable,Not Applicable
D01-7164855-2150624,Credit Card,Not Available,true,Not Applicable,Not Applicable,Not Applicable,Not Applicable,Not Applicable
D01-7164855-2150624,Credit Card,Not Available,true,Not Applicable,Not Applicable,Not Applicable,Not Applicable,Not Applicable
D01-7164855-2150624,Credit Card,Not Available,true,Not Applicable,Not Applicable,Not Applicable,Not Applicable,Not Applicable
D01-9902083-7264216,Credit Card,Not Available,true,Not Applicable,Not Applicable,Not Applicable,Not Applicable,Not Applicable